{
    "parent": "item/generated",
    "textures": {
        "layer0": "item/paper"
    },
	"overrides": [	
		{"predicate": {"custom_model_data":2135}, "model": "shaman_model/ancestral_beam_1"},
		{"predicate": {"custom_model_data":2136}, "model": "shaman_model/ancestral_beam_2"},
		{"predicate": {"custom_model_data":2137}, "model": "shaman_model/ancestral_beam_3"},
		{"predicate": {"custom_model_data":2138}, "model": "shaman_model/ancestral_beam_4"},
		{"predicate": {"custom_model_data":2139}, "model": "shaman_model/ancestral_beam_5"},
		{"predicate": {"custom_model_data":2140}, "model": "shaman_model/ancestral_beam_6"},
		{"predicate": {"custom_model_data":2141}, "model": "shaman_model/ancestral_beam_7"},
		{"predicate": {"custom_model_data":2142}, "model": "shaman_model/ancestral_beam_8"},
		{"predicate": {"custom_model_data":2143}, "model": "shaman_model/ancestral_beam_9"},
		{"predicate": {"custom_model_data":2144}, "model": "shaman_model/ancestral_beam_circle_1"},
		{"predicate": {"custom_model_data":2145}, "model": "shaman_model/ancestral_beam_circle_2"},
		{"predicate": {"custom_model_data":2146}, "model": "shaman_model/ancestral_beam_circle_3"},
		{"predicate": {"custom_model_data":2147}, "model": "shaman_model/ancestral_beam_circle_4"},
		{"predicate": {"custom_model_data":2148}, "model": "shaman_model/ancestral_beam_circle_5"},
		{"predicate": {"custom_model_data":2149}, "model": "shaman_model/ancestral_beam_circle_6"},
		{"predicate": {"custom_model_data":2150}, "model": "shaman_model/ancestral_beam_circle_7"},
		{"predicate": {"custom_model_data":2151}, "model": "shaman_model/ancestral_beam_circle_8"},
		{"predicate": {"custom_model_data":2152}, "model": "shaman_model/ancestral_beam_circle_9"},
		{"predicate": {"custom_model_data":2153}, "model": "shaman_model/heal_beam_1"},
		{"predicate": {"custom_model_data":2154}, "model": "shaman_model/heal_beam_2"},
		{"predicate": {"custom_model_data":2155}, "model": "shaman_model/heal_beam_3"},
		{"predicate": {"custom_model_data":2156}, "model": "shaman_model/heal_beam_4"},
		{"predicate": {"custom_model_data":2157}, "model": "shaman_model/heal_beam_5"},
		{"predicate": {"custom_model_data":2158}, "model": "shaman_model/heal_beam_6"},
		{"predicate": {"custom_model_data":2159}, "model": "shaman_model/light_beam_1"},
		{"predicate": {"custom_model_data":2160}, "model": "shaman_model/light_beam_2"},
		{"predicate": {"custom_model_data":2161}, "model": "shaman_model/light_beam_3"},
		{"predicate": {"custom_model_data":2162}, "model": "shaman_model/light_beam_4"},
		{"predicate": {"custom_model_data":2163}, "model": "shaman_model/light_beam_5"},
		{"predicate": {"custom_model_data":2164}, "model": "shaman_model/light_beam_6"},
		{"predicate": {"custom_model_data":2165}, "model": "shaman_model/solar_beam_1"},
		{"predicate": {"custom_model_data":2166}, "model": "shaman_model/solar_beam_2"},
		{"predicate": {"custom_model_data":2167}, "model": "shaman_model/solar_beam_3"},
		{"predicate": {"custom_model_data":2168}, "model": "shaman_model/solar_beam_4"},
		{"predicate": {"custom_model_data":2169}, "model": "shaman_model/solar_beam_5"},
		{"predicate": {"custom_model_data":2170}, "model": "shaman_model/solar_beam_6"},
		{"predicate": {"custom_model_data":2171}, "model": "shaman_model/solar_beam_7"},
		{"predicate": {"custom_model_data":2172}, "model": "shaman_model/totem_air"},
		{"predicate": {"custom_model_data":2173}, "model": "shaman_model/totem_fire"},
		{"predicate": {"custom_model_data":2174}, "model": "shaman_model/totem_healing"},
		{"predicate": {"custom_model_data":2175}, "model": "shaman_model/solar_beam_8"},
		{"predicate": {"custom_model_data":2176}, "model": "shaman_model/ancestral_beam_10"},		
		{"predicate": {"custom_model_data":2220}, "model": "archer_model/archer_bow_spirit_1"},
		{"predicate": {"custom_model_data":2221}, "model": "archer_model/archer_bow_spirit_2"},
		{"predicate": {"custom_model_data":2222}, "model": "archer_model/archer_bow_spirit_3"},
		{"predicate": {"custom_model_data":2223}, "model": "archer_model/archer_bow_spirit_4"},
		{"predicate": {"custom_model_data":2224}, "model": "archer_model/archer_bow_spirit_dragon_1"},
		{"predicate": {"custom_model_data":2225}, "model": "archer_model/archer_bow_spirit_dragon_2"},
		{"predicate": {"custom_model_data":2226}, "model": "archer_model/archer_bow_spirit_dragon_3"},
		{"predicate": {"custom_model_data":2227}, "model": "archer_model/archer_bow_spirit_dragon_4"},
		{"predicate": {"custom_model_data":2228}, "model": "archer_model/backstep_1"},
		{"predicate": {"custom_model_data":2229}, "model": "archer_model/backstep_2"},
		{"predicate": {"custom_model_data":2230}, "model": "archer_model/backstep_3"},
		{"predicate": {"custom_model_data":2231}, "model": "archer_model/backstep_4"},
		{"predicate": {"custom_model_data":2232}, "model": "archer_model/backstep_5"},
		{"predicate": {"custom_model_data":2233}, "model": "archer_model/dragon_arrow"},
		{"predicate": {"custom_model_data":2234}, "model": "archer_model/dragon_spirit_1"},
		{"predicate": {"custom_model_data":2235}, "model": "archer_model/dragon_spirit_2"},
		{"predicate": {"custom_model_data":2236}, "model": "archer_model/dragon_spirit_3"},
		{"predicate": {"custom_model_data":2237}, "model": "archer_model/dragon_spirit_4"},
		{"predicate": {"custom_model_data":2238}, "model": "archer_model/dragon_spirit_open"},
		{"predicate": {"custom_model_data":2239}, "model": "archer_model/hunters_focus_1"},
		{"predicate": {"custom_model_data":2240}, "model": "archer_model/hunters_focus_2"},
		{"predicate": {"custom_model_data":2241}, "model": "archer_model/hunters_focus_3"},
		{"predicate": {"custom_model_data":2242}, "model": "archer_model/javelin"},
		{"predicate": {"custom_model_data":2243}, "model": "archer_model/quick_shot"},		
		{"predicate": {"custom_model_data":5600}, "model": "orc_model/orc_skull"},
		{"predicate": {"custom_model_data":5601}, "model": "orc_model/orc_stone"}
    ]
}